clade,site,REF,ALT,clade_prop,others_prop,p,padj
subclade_post_a,250217,T,-&C,0.75,1,6.30554628166879e-16,1.2227084794784e-11
subclade_post_a,250218,G,A&-,0.75,1,6.30554628166879e-16,1.2227084794784e-11
subclade_post_a,292495,C,A,0,0.997863247863248,1.75564737625526e-82,3.40437582729658e-78
subclade_post_a,377563,G,-&A&T,0,0.993589743589744,1.66674163636302e-67,3.23197870707153e-63
subclade_post_a,388615,C,T,0,0.978632478632479,2.91352895467264e-41,5.64962399600571e-37
subclade_post_a,411488,C,-&A,0,0.995726495726496,3.02620363834054e-74,5.86811147510614e-70
subclade_post_a,468540,C,T,0,1,8.95322889055084e-93,1.73612061416671e-88
subclade_post_a,585788,G,A,0,1,8.95322889055084e-93,1.73612061416671e-88
subclade_post_a,587278,C,T,0.75,1,6.30554628166879e-16,1.2227084794784e-11
subclade_post_a,666696,G,A,0,1,8.95322889055084e-93,1.73612061416671e-88
subclade_post_a,796566,G,T,0.5,1,5.37745094359276e-41,1.04274151247207e-36
subclade_post_b,12634,C,T,0,0.997742663656885,5.25525244515493e-99,1.01904600163999e-94
subclade_post_b,27648,C,T,0,0.997742663656885,5.25525244515493e-99,1.01904600163999e-94
subclade_post_b,43026,G,A,0,0.997742663656885,5.25525244515493e-99,1.01904600163999e-94
subclade_post_b,52628,G,T,0,0.997742663656885,5.25525244515493e-99,1.01904600163999e-94
subclade_post_b,57850,G,A,0,0.997732426303855,1.35049672475191e-98,2.61874819896643e-94
subclade_post_b,59910,A,-&G&C,0.606060606060606,0.948081264108352,8.64569594367859e-12,1.67648690043872e-07
subclade_post_b,59911,G,-&T,0.515151515151515,0.939051918735892,3.2673348649632e-15,6.33568903665014e-11
subclade_post_b,59912,C,-&G&T,0.121212121212121,0.875846501128668,7.08031359362645e-27,1.3729436089401e-22
subclade_post_b,59914,T,-&C,0.121212121212121,0.880361173814898,1.12339677234175e-27,2.17837868124789e-23
subclade_post_b,59922,A,-&C,0.636363636363636,0.950338600451467,1.49444716848457e-10,2.89788250440842e-06
subclade_post_b,59923,C,-&A&T,0.606060606060606,0.943566591422122,5.09399910174148e-11,9.87777365818691e-07
subclade_post_b,59924,T,-&G,0.606060606060606,0.948081264108352,8.64569594367859e-12,1.67648690043872e-07
subclade_post_b,111942,C,-&A,0.96969696969697,0.126410835214447,3.62158226634275e-32,7.02261017266523e-28
subclade_post_b,160752,C,T,0.848484848484849,1,1.96494498054738e-13,3.81022481177943e-09
subclade_post_b,211034,C,T,0,0.997742663656885,5.25525244515493e-99,1.01904600163999e-94
subclade_post_b,292565,C,T,0,0.997742663656885,5.25525244515493e-99,1.01904600163999e-94
subclade_post_b,314430,G,T&-,0.363636363636364,0.99097065462754,4.76741175504685e-52,9.24448813421136e-48
subclade_post_b,377827,G,-&A,0.303030303030303,0.99097065462754,2.9085768912568e-58,5.64002144983607e-54
subclade_post_b,396463,C,T&-,0,0.99548532731377,5.18325696265938e-96,1.00508535762928e-91
subclade_post_b,426331,T,C,0,0.997742663656885,5.25525244515493e-99,1.01904600163999e-94
subclade_post_b,473526,T,C,0,0.997742663656885,5.25525244515493e-99,1.01904600163999e-94
subclade_post_b,492336,G,A,0,0.997742663656885,5.25525244515493e-99,1.01904600163999e-94
subclade_post_b,568976,G,-&T,0,0.972911963882618,2.20919077755107e-73,4.28384183674927e-69
subclade_post_b,585383,G,A&-,0.848484848484849,1,1.96494498054738e-13,3.81022481177943e-09
subclade_post_b,641295,G,A,0,0.997742663656885,5.25525244515493e-99,1.01904600163999e-94
subclade_post_b,712491,T,-&C&A,0.878787878787879,1,1.88494273363232e-10,3.65509245478643e-06
subclade_post_b,772141,A,G,0,0.997742663656885,5.25525244515493e-99,1.01904600163999e-94
subclade_post_b,782006,G,A&-,0.757575757575758,0.99548532731377,1.08644677160305e-17,2.10672893481548e-13
subclade_post_c,9977,G,T,0.181818181818182,1,5.37434695889901e-77,1.04213961880011e-72
subclade_post_c,21052,G,A,0,0.997849462365591,4.66680706460985e-88,9.04940557898497e-84
subclade_post_c,36105,T,C,0,1,4.12858220501001e-96,8.00573375373492e-92
subclade_post_c,106014,G,T,0,1,4.12858220501001e-96,8.00573375373492e-92
subclade_post_c,126656,C,T,0,1,4.12858220501001e-96,8.00573375373492e-92
subclade_post_c,170277,G,-&A,0,0.993548387096774,2.12832722991256e-75,4.12703933152345e-71
subclade_post_c,197848,C,-&T,0,0.98494623655914,1.64902864877952e-58,3.19763145284836e-54
subclade_post_c,246006,C,-&T,0,0.989247311827957,6.70504701486324e-66,1.30017566665213e-61
subclade_post_c,341785,C,-&T,0,0.997830802603037,2.49114847988016e-87,4.83058601733562e-83
subclade_post_c,378285,G,-&T,0.272727272727273,0.967741935483871,3.64835227523931e-23,7.07451989691655e-19
subclade_post_c,399807,G,A,0,0.995698924731183,3.05308839289466e-81,5.92024370266204e-77
subclade_post_c,410164,A,-,0.909090909090909,0.144086021505376,1.59534827941671e-10,3.09353984861694e-06
subclade_post_c,410176,A,-,0.909090909090909,0.141935483870968,1.12515367355343e-10,2.18178548838745e-06
subclade_post_c,441233,T,-&C,0,0.978354978354978,9.57050384481213e-50,1.85581640054752e-45
subclade_post_c,449047,G,-&A,0,0.997849462365591,4.66680706460985e-88,9.04940557898497e-84
subclade_post_c,516417,T,-&C,0,0.997849462365591,4.66680706460985e-88,9.04940557898497e-84
subclade_post_c,637067,G,-&A,0,0.995698924731183,3.05308839289466e-81,5.92024370266204e-77
subclade_post_c,756154,G,A,0,0.995698924731183,3.05308839289466e-81,5.92024370266204e-77
subclade_post_c,782066,C,T,0.272727272727273,1,1.66674163636344e-67,3.23197870707236e-63
subclade_post_c,815197,G,A,0,1,4.12858220501001e-96,8.00573375373492e-92
subclade_post_d,4626,G,A,0,1,4.7409223532649e-91,9.19312253521597e-87
subclade_post_d,40085,G,T,0,0.993603411513859,7.77150470210154e-64,1.50697247678451e-59
subclade_post_d,247073,G,-&T,0,0.959488272921109,1.17118534265226e-24,2.271045497937e-20
subclade_post_d,453197,A,T&G,0,0.991452991452991,6.12829195989053e-58,1.18833709394237e-53
subclade_post_d,676515,C,T,0,0.995735607675906,6.79165949877877e-71,1.31697069340819e-66
subclade_post_d,732417,C,T,0,0.993603411513859,7.77150470210154e-64,1.50697247678451e-59
subclade_post_d,746608,C,T,0,0.995735607675906,6.79165949877877e-71,1.31697069340819e-66
subclade_post_d,768900,T,C,0,0.993603411513859,7.77150470210154e-64,1.50697247678451e-59
subclade_post_d,796705,G,T,0,1,4.7409223532649e-91,9.19312253521597e-87
subclade_pre,45500,C,T,0,1,2.08217227807636e-103,4.03754026441787e-99
subclade_pre,63212,G,-&T,0.854545454545454,1,2.22916187453891e-13,4.32256779091841e-09
subclade_pre,111967,G,-&A,0.0363636363636364,0.646080760095012,2.69654879203773e-17,5.22887776264036e-13
subclade_pre,112386,T,-,0.545454545454545,0.0736342042755344,5.94511956340961e-22,1.15281813454076e-17
subclade_pre,116786,T,-&C,0.636363636363636,0.119617224880383,3.70036782114909e-20,7.1753832419902e-16
subclade_pre,116787,C,-,0.636363636363636,0.119617224880383,3.70036782114909e-20,7.1753832419902e-16
subclade_pre,128708,G,-,0.545454545454545,0.0787589498806683,6.95800784893476e-21,1.34922730198694e-16
subclade_pre,129090,C,-&T,0,0.990453460620525,3.26997107074738e-95,6.34080090328624e-91
subclade_pre,164082,T,C,0,0.653206650831354,1.09874465875923e-19,2.13057576780002e-15
subclade_pre,164924,G,-&A,0.545454545454545,0.0712589073634204,1.8695978379117e-22,3.62533716749458e-18
subclade_pre,165951,G,-,0.545454545454545,0.0712589073634204,1.8695978379117e-22,3.62533716749458e-18
subclade_pre,166238,C,-,0.545454545454545,0.0712589073634204,1.8695978379117e-22,3.62533716749458e-18
subclade_pre,168297,G,-,0.381818181818182,0.0475059382422803,7.93111167599874e-16,1.53792186509292e-11
subclade_pre,168358,C,-,0.545454545454545,0.0712589073634204,1.8695978379117e-22,3.62533716749458e-18
subclade_pre,190915,C,-&T,0.545454545454545,0.0688836104513064,5.65092323213857e-23,1.09577052394399e-18
subclade_pre,190959,C,-,0.4,0.0451306413301663,1.06868519989533e-17,2.07228747111704e-13
subclade_pre,195459,C,-&A,0.472727272727273,0.912114014251782,4.70867354120274e-18,9.13058886374623e-14
subclade_pre,214399,T,-&G,0,0.570071258907363,5.7675941921164e-15,1.11839418979329e-10
subclade_pre,236438,G,A,0.854545454545454,1,2.22916187453891e-13,4.32256779091841e-09
subclade_pre,245250,C,-&A,0.472727272727273,0.0712589073634204,2.4906257969249e-17,4.82957248281707e-13
subclade_pre,245302,T,-,0.545454545454545,0.0712589073634204,1.8695978379117e-22,3.62533716749458e-18
subclade_pre,245318,A,-,0.545454545454545,0.0712589073634204,1.8695978379117e-22,3.62533716749458e-18
subclade_pre,245330,C,-,0.545454545454545,0.0712589073634204,1.8695978379117e-22,3.62533716749458e-18
subclade_pre,246829,A,-,0.545454545454545,0.0712589073634204,1.8695978379117e-22,3.62533716749458e-18
subclade_pre,249384,C,-&T,0.545454545454545,0.0688836104513064,5.65092323213857e-23,1.09577052394399e-18
subclade_pre,261621,G,-&T,0.854545454545454,0.997624703087886,1.04192503765874e-11,2.02039684052405e-07
subclade_pre,296740,C,T&-,0,0.997624703087886,2.3553017746696e-101,4.56716567126183e-97
subclade_pre,314572,C,T&-,0,0.909738717339667,2.18705906625701e-56,4.24092623537897e-52
subclade_pre,330395,C,A,0,1,2.08217227807636e-103,4.03754026441787e-99
subclade_pre,347875,T,-,0.545454545454545,0.0712589073634204,1.8695978379117e-22,3.62533716749458e-18
subclade_pre,360338,C,T,0,1,2.08217227807636e-103,4.03754026441787e-99
subclade_pre,378126,G,T&-,0.836363636363636,0.995249406175772,5.2623457862549e-12,1.02042147141269e-07
subclade_pre,382373,G,-&T,0.836363636363636,1,4.05238215047331e-15,7.8579742279828e-11
subclade_pre,397893,C,A,0,1,2.08217227807636e-103,4.03754026441787e-99
subclade_pre,410068,A,-,0.945454545454545,0.34916864608076,1.16791221278334e-16,2.26469857180817e-12
subclade_pre,410074,C,-,0.909090909090909,0.299287410926366,4.63722007438271e-18,8.9920334462355e-14
subclade_pre,410080,A,-&G,0.818181818181818,0.294536817102138,7.29785220900146e-14,1.41512652184747e-09
subclade_pre,410128,A,-&G,0.927272727272727,0.27790973871734,1.08642567807922e-20,2.10668803236341e-16
subclade_pre,410140,A,-&G,0.872727272727273,0.332541567695962,4.01525025452607e-14,7.7859717685515e-10
subclade_pre,410188,G,A&-,0.527272727272727,0.125890736342043,5.05747232667032e-13,9.80694458864641e-09
subclade_pre,437394,G,-,0.545454545454545,0.0714285714285714,2.14005379395269e-22,4.14977831185367e-18
subclade_pre,443621,T,-&A,0.4,0.05,1.50004967642141e-16,2.90874632754875e-12
subclade_pre,473236,C,T,0.836363636363636,1,4.05238215047331e-15,7.8579742279828e-11
subclade_pre,478009,G,A,0.854545454545454,1,2.22916187453891e-13,4.32256779091841e-09
subclade_pre,497430,T,-,0.545454545454545,0.0712589073634204,1.8695978379117e-22,3.62533716749458e-18
subclade_pre,498090,C,-,0.545454545454545,0.0712589073634204,1.8695978379117e-22,3.62533716749458e-18
subclade_pre,498102,C,-,0.472727272727273,0.0570071258907363,2.89351229655316e-20,5.61080969424623e-16
subclade_pre,498103,C,-,0.436363636363636,0.0498812351543943,3.01460381120447e-19,5.84561825030659e-15
subclade_pre,498489,G,-,0.381818181818182,0.0546318289786223,2.32650079437984e-14,4.51131769038195e-10
subclade_pre,498586,C,-&T,0.545454545454545,0.0688836104513064,5.65092323213857e-23,1.09577052394399e-18
subclade_pre,528806,G,-&T,0.636363636363636,0.935866983372922,1.35973338410464e-11,2.63665900511731e-07
subclade_pre,559441,A,G,0,0.70952380952381,6.42147366113189e-24,1.24518795763009e-19
subclade_pre,566132,C,-&T,0.963636363636364,0.415676959619952,6.05715902247931e-14,1.17454370604896e-09
subclade_pre,570550,G,-,0.545454545454545,0.0712589073634204,1.8695978379117e-22,3.62533716749458e-18
subclade_pre,594412,T,-,0.545454545454545,0.0712589073634204,1.8695978379117e-22,3.62533716749458e-18
subclade_pre,594756,G,-,0.4,0.0475059382422803,3.92770222283935e-17,7.61620738030778e-13
subclade_pre,594766,G,-&T,0.545454545454545,0.0855106888361045,1.13574738140261e-19,2.2023277472778e-15
subclade_pre,595221,T,-,0.545454545454545,0.0783847980997625,5.37780855619218e-21,1.04281085713122e-16
subclade_pre,595222,T,-,0.545454545454545,0.0783847980997625,5.37780855619218e-21,1.04281085713122e-16
subclade_pre,595337,A,-,0.545454545454545,0.0712589073634204,1.8695978379117e-22,3.62533716749458e-18
subclade_pre,607455,C,-,0.545454545454545,0.0712589073634204,1.8695978379117e-22,3.62533716749458e-18
subclade_pre,609416,A,C&-,0,0.678571428571429,1.85200467722631e-21,3.59122226960954e-17
subclade_pre,609543,T,-,0.545454545454545,0.0738095238095238,6.79039309430829e-22,1.31672512491732e-17
subclade_pre,610114,G,-,0.545454545454545,0.080952380952381,1.74270723575069e-20,3.37928360084416e-16
subclade_pre,610646,G,-&A,0,0.904761904761905,7.94035033512623e-55,1.53971333348433e-50
subclade_pre,611248,C,-,0.545454545454545,0.0714285714285714,2.14005379395269e-22,4.14977831185367e-18
subclade_pre,611268,G,-,0.545454545454545,0.0714285714285714,2.14005379395269e-22,4.14977831185367e-18
subclade_pre,611610,C,-&T,0.545454545454545,0.119047619047619,8.89443057994014e-15,1.72471903375619e-10
subclade_pre,612126,C,-,0.563636363636364,0.0928571428571429,1.31059234969612e-19,2.54136962529575e-15
subclade_pre,622601,G,-,0.490909090909091,0.923990498812352,6.41086206761285e-19,1.24313026353081e-14
subclade_pre,630436,G,A,0,1,2.08217227807636e-103,4.03754026441787e-99
subclade_pre,638883,G,A,0,1,2.08217227807636e-103,4.03754026441787e-99
subclade_pre,685265,A,-,0.545454545454545,0.0712589073634204,1.8695978379117e-22,3.62533716749458e-18
subclade_pre,738547,G,-,0.472727272727273,0.0617577197149644,3.28168844552361e-19,6.36352206471484e-15
subclade_pre,781943,C,T,0.836363636363636,1,4.05238215047331e-15,7.8579742279828e-11
subclade_pre,782945,G,-&T,0.854545454545454,1,2.22916187453891e-13,4.32256779091841e-09
